<?xml version="1.0" encoding="UTF-8"?>
<project-private xmlns="http://www.netbeans.org/ns/project-private/1">
    <editor-bookmarks xmlns="http://www.netbeans.org/ns/editor-bookmarks/2" lastBookmarkId="0"/>
    <open-files xmlns="http://www.netbeans.org/ns/projectui-open-files/2">
        <group>
            <file>file:/C:/Users/MSI-PC/Documents/NetBeansProjects/FP%20OKH/src/Kating/Main.java</file>
            <file>file:/C:/Users/MSI-PC/Documents/NetBeansProjects/FP%20OKH/src/Capstone3/Main.java</file>
            <file>file:/C:/Users/MSI-PC/Documents/NetBeansProjects/FP%20OKH/src/Capstone3/initialsolution.java</file>
            <file>file:/C:/Users/MSI-PC/Documents/NetBeansProjects/FP%20OKH/src/muslikh/TimeTabling.java</file>
            <file>file:/C:/Users/MSI-PC/Documents/NetBeansProjects/FP%20OKH/src/Kating/GeneticAlgorithm.java</file>
            <file>file:/C:/Users/MSI-PC/Documents/NetBeansProjects/FP%20OKH/src/Kating/SimulatedAnnealing.java</file>
            <file>file:/C:/Users/MSI-PC/Documents/NetBeansProjects/FP%20OKH/src/Kating/Schedule.java</file>
            <file>file:/C:/Users/MSI-PC/Documents/NetBeansProjects/FP%20OKH/src/Capstone3/heuristic2.java</file>
            <file>file:/C:/Users/MSI-PC/Documents/NetBeansProjects/FP%20OKH/src/FP_OKH/HillClimbing.java</file>
            <file>file:/C:/Users/MSI-PC/Documents/NetBeansProjects/FP%20OKH/src/Kating/Optimizer.java</file>
            <file>file:/C:/Users/MSI-PC/Documents/NetBeansProjects/FP%20OKH/src/Kating/initialsolution.java</file>
            <file>file:/C:/Users/MSI-PC/Documents/NetBeansProjects/FP%20OKH/src/Kating/Conflict.java</file>
        </group>
    </open-files>
</project-private>
